name,price,url
Подвесной светильник Сансет Black,3140,/perm/product/podvesnoj-svetilnik-sanset-black
Настольная лампа Машрум Gold,3140,/perm/product/nastolnaya-lampa-mashrum-gold
Торшер Билли Black,14 690,/perm/product/torsher-billi-black
Подвесной светильник Бабл-9,16 790,/perm/product/podvesnoj-svetilnik-babl-9
Торшер Бабл-1,6290,/perm/product/torsher-babl-1
Подвесной светильник Бабл-3,6290,/perm/product/podvesnoj-svetilnik-babl-3
Бра Бабл Black,1880,/perm/product/bra-babl-black
Настольная лампа Дэнди Black,4820,/perm/product/nastolnaya-lampa-dendi-black
Настольная лампа Дэнди White,4190,/perm/product/nastolnaya-lampa-dendi-white
Торшер Варио White,6290,/perm/product/torsher-vario-white
Бра Варио Black,830,/perm/product/bra-vario-black
Бра Варио White,830,/perm/product/bra-vario-white
Подвесной светильник Сансет White,3140,/perm/product/podvesnoj-svetilnik-sanset-white
Подвесной светильник Кэндел Black,2720,/perm/product/podvesnoj-svetilnik-kendel-black
Подвесной светильник Кэндел White,2090,/perm/product/podvesnoj-svetilnik-kendel-white
Торшер Вена Beige,9020,/perm/product/torsher-vena-beige
Настольная лампа Сфера Orange,4820,/perm/product/nastolnaya-lampa-sfera-orange
Торшер Осло Black,15 740,/perm/product/torsher-oslo-black
Подвесной светильник Кая Black,2620,/perm/product/podvesnoj-svetilnik-kaya-black
Торшер Вена Black,10 490,/perm/product/torsher-vena-black
Подвесной светильник Кая White,2620,/perm/product/podvesnoj-svetilnik-kaya-white
Торшер Осло White,15 740,/perm/product/torsher-oslo-white
Настольная лампа Сканди White,4720,/perm/product/nastolnaya-lampa-skandi-white
Настольная лампа Гровер Glass,4190,/perm/product/nastolnaya-lampa-grover-glass
Настольная лампа Сфера Black,4190,/perm/product/nastolnaya-lampa-sfera-black
Настольная лампа Машрум Grey,3140,/perm/product/nastolnaya-lampa-mashrum-grey
Настольная лампа Спайк Orange,1040,/perm/product/nastolnaya-lampa-spajk-orange
Настольная лампа Спайк Green,1040,/perm/product/nastolnaya-lampa-spajk-green
Торшер Клауд White,14 690,/perm/product/torsher-klaud-white
Настольная лампа Клауд White,9440,/perm/product/nastolnaya-lampa-klaud-white
Настольная лампа Рэй Black,3140,/perm/product/nastolnaya-lampa-rej-black
Настольная лампа Рэй White,3140,/perm/product/nastolnaya-lampa-rej-white
Торшер Рэй White,4820,/perm/product/torsher-rej-white
Торшер Рэй Black,4820,/perm/product/torsher-rej-black
Подвесной светильник Портланд Black,3350,/perm/product/podvesnoj-svetilnik-portland-black
Настольная лампа Гросс White,3140,/perm/product/nastolnaya-lampa-gross-white
Торшер Гросс White,5240,/perm/product/torsher-gross-white
Торшер Мун Black,5240,/perm/product/torsher-mun-black
Торшер Билли White,14 690,/perm/product/torsher-billi-white
Торшер Варио Black,6290,/perm/product/torsher-vario-black
Настольная лампа Раффи Round,6080,/perm/product/nastolnaya-lampa-raffi-round
Торшер Раффи Round,9340,/perm/product/torsher-raffi-round
Бра Moderli Alina,3560,/perm/product/bra-moderli-alina
Подвесной светильник Маро Green,12 280,/perm/product/podvesnoj-svetilnik-maro-green
Бра Tarbes-2,3460,/perm/product/bra-tarbes-2
Светильник потолочный Matthew,5240,/perm/product/svetilnik-potolochnyj-matthew
Настольная лампа Junior-4,3140,/perm/product/nastolnaya-lampa-junior-4
Торшер Шани Black,11 960,/perm/product/torsher-shani-black
name,price,url
Подвесной светильник Сансет Black,3140,/perm/product/podvesnoj-svetilnik-sanset-black
Настольная лампа Машрум Gold,3140,/perm/product/nastolnaya-lampa-mashrum-gold
Торшер Билли Black,14 690,/perm/product/torsher-billi-black
Подвесной светильник Бабл-9,16 790,/perm/product/podvesnoj-svetilnik-babl-9
Торшер Бабл-1,6290,/perm/product/torsher-babl-1
Подвесной светильник Бабл-3,6290,/perm/product/podvesnoj-svetilnik-babl-3
Бра Бабл Black,1880,/perm/product/bra-babl-black
Настольная лампа Дэнди Black,4820,/perm/product/nastolnaya-lampa-dendi-black
Настольная лампа Дэнди White,4190,/perm/product/nastolnaya-lampa-dendi-white
Торшер Варио White,6290,/perm/product/torsher-vario-white
Бра Варио Black,830,/perm/product/bra-vario-black
Бра Варио White,830,/perm/product/bra-vario-white
Подвесной светильник Сансет White,3140,/perm/product/podvesnoj-svetilnik-sanset-white
Подвесной светильник Кэндел Black,2720,/perm/product/podvesnoj-svetilnik-kendel-black
Подвесной светильник Кэндел White,2090,/perm/product/podvesnoj-svetilnik-kendel-white
Торшер Вена Beige,9020,/perm/product/torsher-vena-beige
Настольная лампа Сфера Orange,4820,/perm/product/nastolnaya-lampa-sfera-orange
Торшер Осло Black,15 740,/perm/product/torsher-oslo-black
Подвесной светильник Кая Black,2620,/perm/product/podvesnoj-svetilnik-kaya-black
Торшер Вена Black,10 490,/perm/product/torsher-vena-black
Подвесной светильник Кая White,2620,/perm/product/podvesnoj-svetilnik-kaya-white
Торшер Осло White,15 740,/perm/product/torsher-oslo-white
Настольная лампа Сканди White,4720,/perm/product/nastolnaya-lampa-skandi-white
Настольная лампа Гровер Glass,4190,/perm/product/nastolnaya-lampa-grover-glass
Настольная лампа Сфера Black,4190,/perm/product/nastolnaya-lampa-sfera-black
Настольная лампа Машрум Grey,3140,/perm/product/nastolnaya-lampa-mashrum-grey
Настольная лампа Спайк Green,1040,/perm/product/nastolnaya-lampa-spajk-green
Торшер Клауд White,14 690,/perm/product/torsher-klaud-white
Настольная лампа Клауд White,9440,/perm/product/nastolnaya-lampa-klaud-white
Настольная лампа Рэй Black,3140,/perm/product/nastolnaya-lampa-rej-black
Торшер Рэй White,4820,/perm/product/torsher-rej-white
Торшер Рэй Black,4820,/perm/product/torsher-rej-black
Настольная лампа Спайк Orange,1040,/perm/product/nastolnaya-lampa-spajk-orange
Подвесной светильник Портланд Black,3350,/perm/product/podvesnoj-svetilnik-portland-black
Настольная лампа Гросс White,3140,/perm/product/nastolnaya-lampa-gross-white
Торшер Мун Black,5240,/perm/product/torsher-mun-black
Торшер Билли White,14 690,/perm/product/torsher-billi-white
Торшер Варио Black,6290,/perm/product/torsher-vario-black
Настольная лампа Раффи Round,6080,/perm/product/nastolnaya-lampa-raffi-round
Торшер Гросс White,5240,/perm/product/torsher-gross-white
Торшер Раффи Round,9340,/perm/product/torsher-raffi-round
Бра Moderli Alina,3560,/perm/product/bra-moderli-alina
Подвесной светильник Маро Green,12 280,/perm/product/podvesnoj-svetilnik-maro-green
Настольная лампа Рэй White,3140,/perm/product/nastolnaya-lampa-rej-white
Бра Tarbes-2,3460,/perm/product/bra-tarbes-2
Светильник потолочный Matthew,5240,/perm/product/svetilnik-potolochnyj-matthew
Настольная лампа Junior-4,3140,/perm/product/nastolnaya-lampa-junior-4
Торшер Шани Black,11 960,/perm/product/torsher-shani-black
